<!--
This is the user configurable SAG Mill recipe file. This file will not be modified or removed by EnderIO.

Adding new Recipes:
For details of how to add a new recipe please see the documentation at the top of SAGMillRecipes_Core.xml.

Removing Recipes:
To disable all recipes within a group, in this example Forestry, include the following in this file:

<recipeGroup name="Forestry" enabled="false"/>

To disable individual recipes, simply provide an invalid recipe for them:

<recipeGroup name="Applied Energistics">
  <recipe name="CertusQuartzOre"/>
</recipeGroup>

To change an existing recipe, just add the recipe to this file using the same recipe group and recipe name as
found in the core file.
 
-->

<SAGMillRecipes>

<!-- Disables all recipes in the group 'Vanilla'
<recipeGroup name="Vanilla" enabled="false"/> 
-->

<!-- Uncomment this block to change the default TE obsidian -> dust recipe to the railcraft recipe.  
  <recipeGroup name="Thermal Expansion">
  
    <recipe name="Obsidian" energyCost="400">
      <input>
        <itemStack itemID="49" />
      </input>      
      <output>
        <itemStack modID="Railcraft" itemName="tile.railcraft.cube" itemMeta="4" number="1" />
      </output>
      <output>
        <itemStack oreDictionary="dustObsidian" number="1" chance="0.15" />
      </output>
      <output>
        <itemStack oreDictionary="dustObsidian" number="1" chance="0.025" />
      </output>
    </recipe>
    
</recipeGroup> 
-->

<!-- Disables the glass recipes in the group 'Vanilla' 
<recipeGroup name="Vanilla"> 
  <recipe name="Glass"/> 
</recipeGroup>
-->


<!-- Modify a core recipe defination, in this case, make glass give diamonds. 
<recipeGroup name="Vanilla">
  <recipe name="Glass" energyCost="120"> 
      <input>
        <itemStack itemID="20" />
      </input>
      <output>
        <itemStack itemID="264" />
      </output>
    </recipe>
</recipeGroup>
-->

<!-- Adding a new recipe to a new group 
<recipeGroup name="CrazyPantsGroup">
  <recipe name="SolarToGlass" energyCost="120"> 
      <input>
        <itemStack modID="EnderIO" itemName="enderIO:blockSolarPanel"/>
      </input>
      <output>
        <itemStack itemID="20" />
      </output>
    </recipe>
</recipeGroup>
-->
  
  <recipeGroup name="UndergroundBiomesConstruct">  
    <recipe name="Red Granite" energyCost="2400">
      <input>
        <itemStack modID="UndergroundBiomes" itemName="igneousStone" itemMeta="0"/>        
      </input>
      <output>
        <itemStack modID="UndergroundBiomes" itemName="igneousCobblestone" itemMeta="0" />
      </output>
    </recipe>
  
    <recipe name="Black Granite" energyCost="2400">
      <input>
        <itemStack modID="UndergroundBiomes" itemName="igneousStone" itemMeta="1"/>        
      </input>
      <output>
        <itemStack modID="UndergroundBiomes" itemName="igneousCobblestone" itemMeta="1" />
      </output>
    </recipe>
    
    <recipe name="Rhyolite" energyCost="2400">
      <input>
        <itemStack modID="UndergroundBiomes" itemName="igneousStone" itemMeta="2"/>        
      </input>
      <output>
        <itemStack modID="UndergroundBiomes" itemName="igneousCobblestone" itemMeta="2" />
      </output>
    </recipe>
    
    <recipe name="Andesite" energyCost="2400">
      <input>
        <itemStack modID="UndergroundBiomes" itemName="igneousStone" itemMeta="3"/>        
      </input>
      <output>
        <itemStack modID="UndergroundBiomes" itemName="igneousCobblestone" itemMeta="3" />
      </output>
    </recipe>
    
    <recipe name="Gabbro" energyCost="2400">
      <input>
        <itemStack modID="UndergroundBiomes" itemName="igneousStone" itemMeta="4"/>        
      </input>
      <output>
        <itemStack modID="UndergroundBiomes" itemName="igneousCobblestone" itemMeta="4" />
      </output>
    </recipe>
    
    <recipe name="Basalt" energyCost="2400">
      <input>
        <itemStack modID="UndergroundBiomes" itemName="igneousStone" itemMeta="5"/>        
      </input>
      <output>
        <itemStack modID="UndergroundBiomes" itemName="igneousCobblestone" itemMeta="5" />
      </output>
    </recipe>
    
    <recipe name="Komatiite" energyCost="2400">
      <input>
        <itemStack modID="UndergroundBiomes" itemName="igneousStone" itemMeta="6"/>        
      </input>
      <output>
        <itemStack modID="UndergroundBiomes" itemName="igneousCobblestone" itemMeta="6" />
      </output>
    </recipe>
    
    <recipe name="Dacite" energyCost="2400">
      <input>
        <itemStack modID="UndergroundBiomes" itemName="igneousStone" itemMeta="7"/>        
      </input>
      <output>
        <itemStack modID="UndergroundBiomes" itemName="igneousCobblestone" itemMeta="7" />
      </output>
    </recipe>
      
    <recipe name="Red Granite Brick" energyCost="2400">
      <input>
        <itemStack modID="UndergroundBiomes" itemName="igneousStoneBrick" itemMeta="0"/>        
      </input>
      <output>
        <itemStack modID="UndergroundBiomes" itemName="igneousCobblestone" itemMeta="0" number="4" />
      </output>
    </recipe>
  
    <recipe name="Black Granite Brick" energyCost="2400">
      <input>
        <itemStack modID="UndergroundBiomes" itemName="igneousStoneBrick" itemMeta="1"/>        
      </input>
      <output>
        <itemStack modID="UndergroundBiomes" itemName="igneousCobblestone" itemMeta="1" number="4" />
      </output>
    </recipe>
    
    <recipe name="Rhyolite Brick" energyCost="2400">
      <input>
        <itemStack modID="UndergroundBiomes" itemName="igneousStoneBrick" itemMeta="2"/>        
      </input>
      <output>
        <itemStack modID="UndergroundBiomes" itemName="igneousCobblestone" itemMeta="2" number="4" />
      </output>
    </recipe>
    
    <recipe name="Andesite Brick" energyCost="2400">
      <input>
        <itemStack modID="UndergroundBiomes" itemName="igneousStoneBrick" itemMeta="3"/>        
      </input>
      <output>
        <itemStack modID="UndergroundBiomes" itemName="igneousCobblestone" itemMeta="3" number="4" />
      </output>
    </recipe>
    
    <recipe name="Gabbro Brick" energyCost="2400">
      <input>
        <itemStack modID="UndergroundBiomes" itemName="igneousStoneBrick" itemMeta="4"/>        
      </input>
      <output>
        <itemStack modID="UndergroundBiomes" itemName="igneousCobblestone" itemMeta="4" number="4" />
      </output>
    </recipe>
    
    <recipe name="Basalt Brick" energyCost="2400">
      <input>
        <itemStack modID="UndergroundBiomes" itemName="igneousStoneBrick" itemMeta="5"/>        
      </input>
      <output>
        <itemStack modID="UndergroundBiomes" itemName="igneousCobblestone" itemMeta="5" number="4" />
      </output>
    </recipe>
    
    <recipe name="Komatiite Brick" energyCost="2400">
      <input>
        <itemStack modID="UndergroundBiomes" itemName="igneousStoneBrick" itemMeta="6"/>        
      </input>
      <output>
        <itemStack modID="UndergroundBiomes" itemName="igneousCobblestone" itemMeta="6" number="4" />
      </output>
    </recipe>
    
    <recipe name="Dacite Brick" energyCost="2400">
      <input>
        <itemStack modID="UndergroundBiomes" itemName="igneousStoneBrick" itemMeta="7"/>        
      </input>
      <output>
        <itemStack modID="UndergroundBiomes" itemName="igneousCobblestone" itemMeta="7" number="4" />
      </output>
    </recipe>
    
    <recipe name="Gneiss" energyCost="2400">
      <input>
        <itemStack modID="UndergroundBiomes" itemName="metamorphicStone" itemMeta="0"/>        
      </input>
      <output>
        <itemStack modID="UndergroundBiomes" itemName="metamorphicCobblestone" itemMeta="0" />
      </output>
    </recipe>
   
       <recipe name="Eclogite" energyCost="2400">
      <input>
        <itemStack modID="UndergroundBiomes" itemName="metamorphicStone" itemMeta="1"/>        
      </input>
      <output>
        <itemStack modID="UndergroundBiomes" itemName="metamorphicCobblestone" itemMeta="1" />
      </output>
    </recipe>

    <recipe name="Marble" energyCost="2400">
      <input>
        <itemStack modID="UndergroundBiomes" itemName="metamorphicStone" itemMeta="2"/>        
      </input>
      <output>
        <itemStack modID="UndergroundBiomes" itemName="metamorphicCobblestone" itemMeta="2" />
      </output>
    </recipe>

    <recipe name="Quartzite" energyCost="2400">
      <input>
        <itemStack modID="UndergroundBiomes" itemName="metamorphicStone" itemMeta="3"/>        
      </input>
      <output>
        <itemStack modID="UndergroundBiomes" itemName="metamorphicCobblestone" itemMeta="3" />
      </output>
    </recipe>

    <recipe name="Blue Schist" energyCost="2400">
      <input>
        <itemStack modID="UndergroundBiomes" itemName="metamorphicStone" itemMeta="4"/>        
      </input>
      <output>
        <itemStack modID="UndergroundBiomes" itemName="metamorphicCobblestone" itemMeta="4" />
      </output>
    </recipe>

    <recipe name="Green Schist" energyCost="2400">
      <input>
        <itemStack modID="UndergroundBiomes" itemName="metamorphicStone" itemMeta="5"/>        
      </input>
      <output>
        <itemStack modID="UndergroundBiomes" itemName="metamorphicCobblestone" itemMeta="5" />
      </output>
    </recipe>

    <recipe name="Soapstone" energyCost="2400">
      <input>
        <itemStack modID="UndergroundBiomes" itemName="metamorphicStone" itemMeta="6"/>        
      </input>
      <output>
        <itemStack modID="UndergroundBiomes" itemName="metamorphicCobblestone" itemMeta="6" />
      </output>
    </recipe>

    <recipe name="Migmatite" energyCost="2400">
      <input>
        <itemStack modID="UndergroundBiomes" itemName="metamorphicStone" itemMeta="7"/>        
      </input>
      <output>
        <itemStack modID="UndergroundBiomes" itemName="metamorphicCobblestone" itemMeta="7" />
      </output>
    </recipe>

    <recipe name="Gneiss Brick" energyCost="2400">
      <input>
        <itemStack modID="UndergroundBiomes" itemName="metamorphicStoneBrick" itemMeta="0"/>        
      </input>
      <output>
        <itemStack modID="UndergroundBiomes" itemName="metamorphicCobblestone" itemMeta="0" number="4" />
      </output>
    </recipe>
   
    <recipe name="Eclogite Brick" energyCost="2400">
      <input>
        <itemStack modID="UndergroundBiomes" itemName="metamorphicStoneBrick" itemMeta="1"/>        
      </input>
      <output>
        <itemStack modID="UndergroundBiomes" itemName="metamorphicCobblestone" itemMeta="1" number="4" />
      </output>
    </recipe>

   <recipe name="Marble Brick" energyCost="2400">
      <input>
        <itemStack modID="UndergroundBiomes" itemName="metamorphicStoneBrick" itemMeta="2"/>        
      </input>
      <output>
        <itemStack modID="UndergroundBiomes" itemName="metamorphicCobblestone" itemMeta="2" number="4" />
      </output>
    </recipe>

    <recipe name="Quartzite Brick" energyCost="2400">
      <input>
        <itemStack modID="UndergroundBiomes" itemName="metamorphicStoneBrick" itemMeta="3"/>        
      </input>
      <output>
        <itemStack modID="UndergroundBiomes" itemName="metamorphicCobblestone" itemMeta="3" number="4" />
      </output>
    </recipe>

    <recipe name="Blue Schist Brick" energyCost="2400">
      <input>
        <itemStack modID="UndergroundBiomes" itemName="metamorphicStoneBrick" itemMeta="4"/>        
      </input>
      <output>
        <itemStack modID="UndergroundBiomes" itemName="metamorphicCobblestone" itemMeta="4" number="4" />
      </output>
    </recipe>

    <recipe name="Green Schist Brick" energyCost="2400">
      <input>
        <itemStack modID="UndergroundBiomes" itemName="metamorphicStoneBrick" itemMeta="5"/>        
      </input>
      <output>
        <itemStack modID="UndergroundBiomes" itemName="metamorphicCobblestone" itemMeta="5" number="4" />
      </output>
    </recipe>

    <recipe name="Soapstone Brick" energyCost="2400">
      <input>
        <itemStack modID="UndergroundBiomes" itemName="metamorphicStoneBrick" itemMeta="6"/>        
      </input>
      <output>
        <itemStack modID="UndergroundBiomes" itemName="metamorphicCobblestone" itemMeta="6" number="4" />
      </output>
    </recipe>

    <recipe name="Migmatite Brick" energyCost="2400">
      <input>
        <itemStack modID="UndergroundBiomes" itemName="metamorphicStoneBrick" itemMeta="7"/>        
      </input>
      <output>
        <itemStack modID="UndergroundBiomes" itemName="metamorphicCobblestone" itemMeta="7" number="4" />
      </output>
    </recipe>
</recipeGroup>

</SAGMillRecipes>
