{
    "manganese": {
        "template": "uniform",
        "block": {"name": "Metallurgy:base.ore", "metadata": 2},
        "clusterSize": 4,
        "numClusters": 5,
        "minHeight": 0,
        "maxHeight": 128,
        "retrogen": "true",
        "biomeRestriction": "none",
        "biomes": [
            "all"
        ],
        "dimensionRestriction": "blacklist",
        "dimensions": [
            -1,
            1
        ]
    },
    "eximite": {
        "template": "uniform",
        "block": "Metallurgy:ender.ore",
        "clusterSize": 4,
        "numClusters": 6,
        "minHeight": 0,
        "maxHeight": 128,
        "retrogen": "true",
        "biomeRestriction": "none",
        "biomes": [
            "all"
        ],
        "dimensionRestriction": "whitelist",
        "dimensions": [
            1
        ]
    },
    "meutoite": {
        "template": "uniform",
        "block": {"name": "Metallurgy:ender.ore", "metadata": 1},
        "clusterSize": 3,
        "numClusters": 3,
        "minHeight": 0,
        "maxHeight": 128,
        "retrogen": "true",
        "biomeRestriction": "none",
        "biomes": [
            "all"
        ],
        "dimensionRestriction": "whitelist",
        "dimensions": [
            1
        ]
    },
    "prometheum": {
        "template": "uniform",
        "block": "Metallurgy:fantasy.ore",
        "clusterSize": 6,
        "numClusters": 5,
        "minHeight": 0,
        "maxHeight": 128,
        "retrogen": "true",
        "biomeRestriction": "none",
        "biomes": [
            "all"
        ],
        "dimensionRestriction": "blacklist",
        "dimensions": [
            -1,
            1
        ]
    },
    "deepiron": {
        "template": "uniform",
        "block": {"name": "Metallurgy:fantasy.ore", "metadata": 1},
        "clusterSize": 4,
        "numClusters": 5,
        "minHeight": 0,
        "maxHeight": 128,
        "retrogen": "true",
        "biomeRestriction": "none",
        "biomes": [
            "all"
        ],
        "dimensionRestriction": "blacklist",
        "dimensions": [
            -1,
            1
        ]
    },
    "infuscolium": {
        "template": "uniform",
        "block": {"name": "Metallurgy:fantasy.ore", "metadata": 2},
        "clusterSize": 4,
        "numClusters": 5,
        "minHeight": 0,
        "maxHeight": 128,
        "retrogen": "true",
        "biomeRestriction": "none",
        "biomes": [
            "all"
        ],
        "dimensionRestriction": "blacklist",
        "dimensions": [
            -1,
            1
        ]
    },
    "oureclase": {
        "template": "uniform",
        "block": {"name": "Metallurgy:fantasy.ore", "metadata": 4},
        "clusterSize": 3,
        "numClusters": 4,
        "minHeight": 0,
        "maxHeight": 128,
        "retrogen": "true",
        "biomeRestriction": "none",
        "biomes": [
            "all"
        ],
        "dimensionRestriction": "blacklist",
        "dimensions": [
            -1,
            1
        ]
    },
    "astralsilver": {
        "template": "uniform",
        "block": {"name": "Metallurgy:fantasy.ore", "metadata": 5},
        "clusterSize": 3,
        "numClusters": 4,
        "minHeight": 0,
        "maxHeight": 128,
        "retrogen": "true",
        "biomeRestriction": "none",
        "biomes": [
            "all"
        ],
        "dimensionRestriction": "blacklist",
        "dimensions": [
            -1,
            1
        ]
    },
    "carmot": {
        "template": "uniform",
        "block": {"name": "Metallurgy:fantasy.ore", "metadata": 6},
        "clusterSize": 3,
        "numClusters": 3,
        "minHeight": 0,
        "maxHeight": 128,
        "retrogen": "true",
        "biomeRestriction": "none",
        "biomes": [
            "all"
        ],
        "dimensionRestriction": "blacklist",
        "dimensions": [
            -1,
            1
        ]
    },
    "mithril": {
        "template": "uniform",
        "block": {"name": "Metallurgy:fantasy.ore", "metadata": 7},
        "clusterSize": 3,
        "numClusters": 3,
        "minHeight": 0,
        "maxHeight": 128,
        "retrogen": "true",
        "biomeRestriction": "none",
        "biomes": [
            "all"
        ],
        "dimensionRestriction": "blacklist",
        "dimensions": [
            -1,
            1
        ]
    },
    "rubracium": {
        "template": "uniform",
        "block": {"name": "Metallurgy:fantasy.ore", "metadata": 8},
        "clusterSize": 3,
        "numClusters": 2,
        "minHeight": 0,
        "maxHeight": 128,
        "retrogen": "true",
        "biomeRestriction": "none",
        "biomes": [
            "all"
        ],
        "dimensionRestriction": "blacklist",
        "dimensions": [
            -1,
            1
        ]
    },
    "orichalcum": {
        "template": "uniform",
        "block": {"name": "Metallurgy:fantasy.ore", "metadata": 11},
        "clusterSize": 4,
        "numClusters": 2,
        "minHeight": 0,
        "maxHeight": 128,
        "retrogen": "true",
        "biomeRestriction": "none",
        "biomes": [
            "all"
        ],
        "dimensionRestriction": "blacklist",
        "dimensions": [
            -1,
            1
        ]
    },
    "adamantine": {
        "template": "uniform",
        "block": {"name": "Metallurgy:fantasy.ore", "metadata": 13},
        "clusterSize": 3,
        "numClusters": 2,
        "minHeight": 0,
        "maxHeight": 128,
        "retrogen": "true",
        "biomeRestriction": "none",
        "biomes": [
            "all"
        ],
        "dimensionRestriction": "blacklist",
        "dimensions": [
            -1,
            1
        ]
    },
    "atlarus": {
        "template": "uniform",
        "block": {"name": "Metallurgy:fantasy.ore", "metadata": 14},
        "clusterSize": 3,
        "numClusters": 2,
        "minHeight": 0,
        "maxHeight": 128,
        "retrogen": "true",
        "biomeRestriction": "none",
        "biomes": [
            "all"
        ],
        "dimensionRestriction": "blacklist",
        "dimensions": [
            -1,
            1
        ]
    },
    "ignatius": {
        "template": "uniform",
        "block": "Metallurgy:nether.ore",
        "clusterSize": 6,
        "numClusters": 9,
        "minHeight": 0,
        "maxHeight": 128,
        "retrogen": "true",
        "biomeRestriction": "whitelist",
        "biomes": [
            "hell"
        ],
        "dimensionRestriction": "whitelist",
        "dimensions": [
            -1
        ]
    },
    "shadowiron": {
        "template": "uniform",
        "block": {"name": "Metallurgy:nether.ore", "metadata": 1},
        "clusterSize": 6,
        "numClusters": 7,
        "minHeight": 0,
        "maxHeight": 128,
        "retrogen": "true",
        "biomeRestriction": "whitelist",
        "biomes": [
            "hell"
        ],
        "dimensionRestriction": "whitelist",
        "dimensions": [
            -1
        ]
    },
    "lemurite": {
        "template": "uniform",
        "block": {"name": "Metallurgy:nether.ore", "metadata": 2},
        "clusterSize": 6,
        "numClusters": 6,
        "minHeight": 0,
        "maxHeight": 128,
        "retrogen": "true",
        "biomeRestriction": "whitelist",
        "biomes": [
            "hell"
        ],
        "dimensionRestriction": "whitelist",
        "dimensions": [
            -1
        ]
    },
    "midasium": {
        "template": "uniform",
        "block": {"name": "Metallurgy:nether.ore", "metadata": 3},
        "clusterSize": 6,
        "numClusters": 5,
        "minHeight": 0,
        "maxHeight": 128,
        "retrogen": "true",
        "biomeRestriction": "whitelist",
        "biomes": [
            "hell"
        ],
        "dimensionRestriction": "whitelist",
        "dimensions": [
            -1
        ]
    },
    "vyroxeres": {
        "template": "uniform",
        "block": {"name": "Metallurgy:nether.ore", "metadata": 4},
        "clusterSize": 7,
        "numClusters": 4,
        "minHeight": 0,
        "maxHeight": 128,
        "retrogen": "true",
        "biomeRestriction": "whitelist",
        "biomes": [
            "hell"
        ],
        "dimensionRestriction": "whitelist",
        "dimensions": [
            -1
        ]
    },
    "ceruclase": {
        "template": "uniform",
        "block": {"name": "Metallurgy:nether.ore", "metadata": 5},
        "clusterSize": 4,
        "numClusters": 4,
        "minHeight": 0,
        "maxHeight": 128,
        "retrogen": "true",
        "biomeRestriction": "whitelist",
        "biomes": [
            "hell"
        ],
        "dimensionRestriction": "whitelist",
        "dimensions": [
            -1
        ]
    },
    "alduorite": {
        "template": "uniform",
        "block": {"name": "Metallurgy:nether.ore", "metadata": 6},
        "clusterSize": 4,
        "numClusters": 3,
        "minHeight": 0,
        "maxHeight": 128,
        "retrogen": "true",
        "biomeRestriction": "whitelist",
        "biomes": [
            "hell"
        ],
        "dimensionRestriction": "whitelist",
        "dimensions": [
            -1
        ]
    },
    "kalendrite": {
        "template": "uniform",
        "block": {"name": "Metallurgy:nether.ore", "metadata": 7},
        "clusterSize": 4,
        "numClusters": 3,
        "minHeight": 0,
        "maxHeight": 128,
        "retrogen": "true",
        "biomeRestriction": "whitelist",
        "biomes": [
            "hell"
        ],
        "dimensionRestriction": "whitelist",
        "dimensions": [
            -1
        ]
    },
    "vulcanite": {
        "template": "uniform",
        "block": {"name": "Metallurgy:nether.ore", "metadata": 8},
        "clusterSize": 3,
        "numClusters": 2,
        "minHeight": 0,
        "maxHeight": 128,
        "retrogen": "true",
        "biomeRestriction": "whitelist",
        "biomes": [
            "hell"
        ],
        "dimensionRestriction": "whitelist",
        "dimensions": [
            -1
        ]
    },
    "sanguinite": {
        "template": "uniform",
        "block": {"name": "Metallurgy:nether.ore", "metadata": 9},
        "clusterSize": 3,
        "numClusters": 2,
        "minHeight": 0,
        "maxHeight": 128,
        "retrogen": "true",
        "biomeRestriction": "whitelist",
        "biomes": [
            "hell"
        ],
        "dimensionRestriction": "whitelist",
        "dimensions": [
            -1
        ]
    },
    "zinc": {
        "template": "uniform",
        "block": "Metallurgy:precious.ore",
        "clusterSize": 5,
        "numClusters": 6,
        "minHeight": 0,
        "maxHeight": 128,
        "retrogen": "true",
        "biomeRestriction": "none",
        "biomes": [
            "all"
        ],
        "dimensionRestriction": "blacklist",
        "dimensions": [
            -1,
            1
        ]
    },
    "platinum": {
        "template": "uniform",
        "block": {"name": "Metallurgy:precious.ore", "metadata": 2},
        "clusterSize": 3,
        "numClusters": 3,
        "minHeight": 0,
        "maxHeight": 128,
        "retrogen": "true",
        "biomeRestriction": "none",
        "biomes": [
            "all"
        ],
        "dimensionRestriction": "blacklist",
        "dimensions": [
            -1,
            1
        ]
    },
    "sulfur": {
        "template": "uniform",
        "block": "Metallurgy:utility.ore",
        "clusterSize": 4,
        "numClusters": 4,
        "minHeight": 0,
        "maxHeight": 128,
        "retrogen": "true",
        "biomeRestriction": "none",
        "biomes": [
            "all"
        ],
        "dimensionRestriction": "blacklist",
        "dimensions": [
            -1,
            1
        ]
    },
    "phosphorite": {
        "template": "uniform",
        "block": {"name": "Metallurgy:utility.ore", "metadata": 1},
        "clusterSize": 4,
        "numClusters": 4,
        "minHeight": 0,
        "maxHeight": 128,
        "retrogen": "true",
        "biomeRestriction": "none",
        "biomes": [
            "all"
        ],
        "dimensionRestriction": "blacklist",
        "dimensions": [
            -1,
            1
        ]
    },
    "saltpeter": {
        "template": "uniform",
        "block": {"name": "Metallurgy:utility.ore", "metadata": 2},
        "clusterSize": 4,
        "numClusters": 4,
        "minHeight": 0,
        "maxHeight": 128,
        "retrogen": "true",
        "biomeRestriction": "none",
        "biomes": [
            "all"
        ],
        "dimensionRestriction": "blacklist",
        "dimensions": [
            -1,
            1
        ]
    },
    "magnesium": {
        "template": "uniform",
        "block": {"name": "Metallurgy:utility.ore", "metadata": 3},
        "clusterSize": 4,
        "numClusters": 4,
        "minHeight": 0,
        "maxHeight": 128,
        "retrogen": "true",
        "biomeRestriction": "none",
        "biomes": [
            "all"
        ],
        "dimensionRestriction": "blacklist",
        "dimensions": [
            -1,
            1
        ]
    },
    "bitumen": {
        "template": "uniform",
        "block": {"name": "Metallurgy:utility.ore", "metadata": 4},
        "clusterSize": 4,
        "numClusters": 4,
        "minHeight": 0,
        "maxHeight": 128,
        "retrogen": "true",
        "biomeRestriction": "none",
        "biomes": [
            "all"
        ],
        "dimensionRestriction": "blacklist",
        "dimensions": [
            -1,
            1
        ]
    },
    "potash": {
        "template": "uniform",
        "block": {"name": "Metallurgy:utility.ore", "metadata": 5},
        "clusterSize": 4,
        "numClusters": 4,
        "minHeight": 0,
        "maxHeight": 128,
        "retrogen": "true",
        "biomeRestriction": "none",
        "biomes": [
            "all"
        ],
        "dimensionRestriction": "blacklist",
        "dimensions": [
            -1,
            1
        ]
    }
}
