{
    "aluminum": {
        "template": "uniform",
        "block": {"name": "TConstruct:SearedBrick", "metadata": 5},
        "material": "minecraft:stone",
        "clusterSize": 8,
        "numClusters": 8,
        "minHeight": 24,
        "maxHeight": 48,
        "retrogen": "true",
        "biomeRestriction": "none",
        "biomes": [
            "all"
        ],
        "dimensionRestriction": "blacklist",
        "dimensions": [
            -1,
            1
        ]
    },
    "aluminumTrace": {
        "template": "uniform",
        "block": {"name": "TConstruct:SearedBrick", "metadata": 5},
        "material": "minecraft:stone",
        "clusterSize": 8,
        "numClusters": 8,
        "minHeight": 48,
        "maxHeight": 256,
        "retrogen": "true",
        "biomeRestriction": "none",
        "biomes": [
            "all"
        ],
        "dimensionRestriction": "blacklist",
        "dimensions": [
            -1,
            1
        ]
    },
    "apatite": {
        "template": "uniform",
        "block": "Forestry:resources",
        "material": "minecraft:stone",
        "clusterSize": 64,
        "numClusters": 1,
        "minHeight": 56,
        "maxHeight": 256,
        "retrogen": "true",
        "biomeRestriction": "none",
        "biomes": [
            "all"
        ],
        "dimensionRestriction": "blacklist",
        "dimensions": [
            -1,
            1
        ]
    },
    "certusQuartz": {
        "template": "uniform",
        "block": [
            {"name": "appliedenergistics2:tile.OreQuartz", "weight": 92},
            {"name": "appliedenergistics2:tile.OreQuartzCharged", "weight": 8}
        ],
        "material": "minecraft:stone",
        "clusterSize": 4,
        "numClusters": 16,
        "minHeight": 16,
        "maxHeight": 48,
        "retrogen": "true",
        "biomeRestriction": "none",
        "biomes": [
            "all"
        ],
        "dimensionRestriction": "blacklist",
        "dimensions": [
            -1,
            1
        ]
    },
    "certusQuartzTrace": {
        "template": "uniform",
        "block": [
            {"name": "appliedenergistics2:tile.OreQuartz", "weight": 92},
            {"name": "appliedenergistics2:tile.OreQuartzCharged", "weight": 8}
        ],
        "material": "minecraft:stone",
        "clusterSize": 4,
        "numClusters": 16,
        "minHeight": 48,
        "maxHeight": 256,
        "retrogen": "true",
        "biomeRestriction": "none",
        "biomes": [
            "all"
        ],
        "dimensionRestriction": "blacklist",
        "dimensions": [
            -1,
            1
        ]
    },
    "cinnabar": {
        "template": "uniform",
        "block": {"name": "Eln:Eln.Ore", "metadata": 6},
        "material": "minecraft:stone",
        "clusterSize": 8,
        "numClusters": 10,
        "minHeight": 16,
        "maxHeight": 40,
        "retrogen": "true",
        "biomeRestriction": "none",
        "biomes": [
            "all"
        ],
        "dimensionRestriction": "blacklist",
        "dimensions": [
            -1,
            1
        ]
    },
    "cinnabarTrace": {
        "template": "uniform",
        "block": {"name": "Eln:Eln.Ore", "metadata": 6},
        "material": "minecraft:stone",
        "clusterSize": 8,
        "numClusters": 10,
        "minHeight": 40,
        "maxHeight": 256,
        "retrogen": "true",
        "biomeRestriction": "none",
        "biomes": [
            "all"
        ],
        "dimensionRestriction": "blacklist",
        "dimensions": [
            -1,
            1
        ]
    },
    "coal": {
        "template": "uniform",
        "block": "coal_ore",
        "material": "minecraft:stone",
        "clusterSize": 16,
        "numClusters": 40,
        "minHeight": 0,
        "maxHeight": 256,
        "retrogen": "true",
        "biomeRestriction": "none",
        "biomes": [],
        "dimensionRestriction": "blacklist",
        "dimensions": [
            -1,
            1
        ]
    },
    "copper": {
        "template": "uniform",
        "block": {"name": "Metallurgy:base.ore", "metadata": 1},
        "material": "minecraft:stone",
        "clusterSize": 8,
        "numClusters": 10,
        "minHeight": 24,
        "maxHeight": 48,
        "retrogen": "true",
        "biomeRestriction": "none",
        "biomes": [],
        "dimensionRestriction": "blacklist",
        "dimensions": [
            -1,
            1
        ]
    },
    "copperTrace": {
        "template": "uniform",
        "block": {"name": "Metallurgy:base.ore", "metadata": 1},
        "material": "minecraft:stone",
        "clusterSize": 8,
        "numClusters": 10,
        "minHeight": 48,
        "maxHeight": 256,
        "retrogen": "true",
        "biomeRestriction": "none",
        "biomes": [],
        "dimensionRestriction": "blacklist",
        "dimensions": [
            -1,
            1
        ]
    },
    "diamond": {
        "template": "uniform",
        "block": [
            {"name": "coal_ore", "weight": 99},
            {"name": "diamond_ore", "weight": 1}
        ],
        "material": "minecraft:stone",
        "clusterSize": 48,
        "numClusters": 1,
        "minHeight": 0,
        "maxHeight": 16,
        "retrogen": "true",
        "biomeRestriction": "none",
        "biomes": [
            "all"
        ],
        "dimensionRestriction": "blacklist",
        "dimensions": [
            -1,
            1
        ]
    },
    "diamondTrace": {
        "template": "uniform",
        "block": "diamond_ore",
        "material": "minecraft:stone",
        "clusterSize": 2,
        "numClusters": 10,
        "minHeight": 16,
        "maxHeight": 256,
        "retrogen": "true",
        "biomeRestriction": "none",
        "biomes": [],
        "dimensionRestriction": "blacklist",
        "dimensions": [
            -1,
            1
        ]
    },
    "emerald": {
        "template": "uniform",
        "block": "minecraft:emerald_ore",
        "clusterSize": 1,
        "numClusters": 8,
        "minHeight": 48,
        "maxHeight": 64,
        "retrogen": "true",
        "biomeRestriction": "none",
        "biomes": [
            "all"
        ],
        "dimensionRestriction": "blacklist",
        "dimensions": [
            -1,
            1
        ]
    },
    "emeraldTrace": {
        "template": "uniform",
        "block": "minecraft:emerald_ore",
        "clusterSize": 1,
        "numClusters": 8,
        "minHeight": 64,
        "maxHeight": 256,
        "retrogen": "true",
        "biomeRestriction": "none",
        "biomes": [
            "all"
        ],
        "dimensionRestriction": "blacklist",
        "dimensions": [
            -1,
            1
        ]
    },
    "gold": {
        "template": "uniform",
        "block": "gold_ore",
        "material": "minecraft:stone",
        "clusterSize": 8,
        "numClusters": 10,
        "minHeight": 0,
        "maxHeight": 32,
        "retrogen": "true",
        "biomeRestriction": "none",
        "biomes": [],
        "dimensionRestriction": "blacklist",
        "dimensions": [
            -1,
            1
        ]
    },
    "goldTrace": {
        "template": "uniform",
        "block": "gold_ore",
        "material": "minecraft:stone",
        "clusterSize": 8,
        "numClusters": 10,
        "minHeight": 32,
        "maxHeight": 256,
        "retrogen": "true",
        "biomeRestriction": "none",
        "biomes": [],
        "dimensionRestriction": "blacklist",
        "dimensions": [
            -1,
            1
        ]
    },


    "iron": {
        "template": "uniform",
        "block": "iron_ore",
        "material": "minecraft:stone",
        "clusterSize": 8,
        "numClusters": 20,
        "minHeight": 40,
        "maxHeight": 72,
        "retrogen": "true",
        "biomeRestriction": "none",
        "biomes": [],
        "dimensionRestriction": "blacklist",
        "dimensions": [
            -1,
            1
        ]
    },
    "ironTrace": {
        "template": "uniform",
        "block": "iron_ore",
        "material": "minecraft:stone",
        "clusterSize": 8,
        "numClusters": 20,
        "minHeight": 72,
        "maxHeight": 256,
        "retrogen": "true",
        "biomeRestriction": "none",
        "biomes": [],
        "dimensionRestriction": "blacklist",
        "dimensions": [
            -1,
            1
        ]
    },
    "lapis": {
        "template": "normal",
        "block": "lapis_ore",
        "material": "minecraft:stone",
        "clusterSize": 6,
        "numClusters": 1,
        "meanHeight": 16,
        "maxVariance": 16,
        "retrogen": "true",
        "biomeRestriction": "none",
        "biomes": [],
        "dimensionRestriction": "blacklist",
        "dimensions": [
            -1,
            1
        ]
    },
    "lead": {
        "template": "uniform",
        "block": {"name": "ThermalFoundation:Ore", "metadata": 3},
        "material": "minecraft:stone",
        "clusterSize": 8,
        "numClusters": 10,
        "minHeight": 8,
        "maxHeight": 32,
        "retrogen": "true",
        "biomeRestriction": "none",
        "biomes": [
            "all"
        ],
        "dimensionRestriction": "blacklist",
        "dimensions": [
            -1,
            1
        ]
    },
    "leadTrace": {
        "template": "uniform",
        "block": {"name": "ThermalFoundation:Ore", "metadata": 3},
        "material": "minecraft:stone",
        "clusterSize": 8,
        "numClusters": 10,
        "minHeight": 32,
        "maxHeight": 256,
        "retrogen": "true",
        "biomeRestriction": "none",
        "biomes": [
            "all"
        ],
        "dimensionRestriction": "blacklist",
        "dimensions": [
            -1,
            1
        ]
    },
    "nickel": {
        "template": "uniform",
        "block": {"name": "ThermalFoundation:Ore", "metadata": 4},
        "material": "minecraft:stone",
        "clusterSize": 4,
        "numClusters": 2,
        "minHeight": 8,
        "maxHeight": 24,
        "retrogen": "true",
        "biomeRestriction": "none",
        "biomes": [
            "all"
        ],
        "dimensionRestriction": "blacklist",
        "dimensions": [
            -1,
            1
        ]
    },
    "nickelTrace": {
        "template": "uniform",
        "block": {"name": "ThermalFoundation:Ore", "metadata": 4},
        "material": "minecraft:stone",
        "clusterSize": 4,
        "numClusters": 2,
        "minHeight": 24,
        "maxHeight": 256,
        "retrogen": "true",
        "biomeRestriction": "none",
        "biomes": [
            "all"
        ],
        "dimensionRestriction": "blacklist",
        "dimensions": [
            -1,
            1
        ]
    },
    "osmium": {
        "template": "uniform",
        "block": "Mekanism:OreBlock",
        "clusterSize": 8,
        "numClusters": 10,
        "minHeight": 32,
        "maxHeight": 56,
        "retrogen": "true",
        "biomeRestriction": "none",
        "biomes": [
            "all"
        ],
        "dimensionRestriction": "blacklist",
        "dimensions": [
            -1,
            1
        ]
    },
    "osmiumTrace": {
        "template": "uniform",
        "block": "Mekanism:OreBlock",
        "clusterSize": 8,
        "numClusters": 10,
        "minHeight": 56,
        "maxHeight": 256,
        "retrogen": "true",
        "biomeRestriction": "none",
        "biomes": [
            "all"
        ],
        "dimensionRestriction": "blacklist",
        "dimensions": [
            -1,
            1
        ]
    },
    "redstone": {
        "template": "uniform",
        "block": "redstone_ore",
        "material": "minecraft:stone",
        "clusterSize": 7,
        "numClusters": 8,
        "minHeight": 0,
        "maxHeight": 16,
        "retrogen": "true",
        "biomeRestriction": "none",
        "biomes": [],
        "dimensionRestriction": "blacklist",
        "dimensions": [
            -1,
            1
        ]
    },
    "redstoneTrace": {
        "template": "uniform",
        "block": "redstone_ore",
        "material": "minecraft:stone",
        "clusterSize": 7,
        "numClusters": 8,
        "minHeight": 16,
        "maxHeight": 256,
        "retrogen": "true",
        "biomeRestriction": "none",
        "biomes": [],
        "dimensionRestriction": "blacklist",
        "dimensions": [
            -1,
            1
        ]
    },
    "salt": {
        "template": "uniform",
        "block": "harvestcraft:salt",
        "material": "minecraft:stone",
        "clusterSize": 2,
        "numClusters": 20,
        "minHeight": 40,
        "maxHeight": 72,
        "retrogen": "true",
        "biomeRestriction": "none",
        "biomes": [
            "all"
        ],
        "dimensionRestriction": "blacklist",
        "dimensions": [
            -1,
            1
        ]
    },
    "silver": {
        "template": "uniform",
        "block": {"name": "Metallurgy:precious.ore", "metadata": 1},
        "material": "minecraft:stone",
        "clusterSize": 8,
        "numClusters": 10,
        "minHeight": 16,
        "maxHeight": 40,
        "retrogen": "true",
        "biomeRestriction": "none",
        "biomes": [
            "all"
        ],
        "dimensionRestriction": "blacklist",
        "dimensions": [
            -1,
            1
        ]
    },
    "silverTrace": {
        "template": "uniform",
        "block": {"name": "Metallurgy:precious.ore", "metadata": 1},
        "material": "minecraft:stone",
        "clusterSize": 8,
        "numClusters": 10,
        "minHeight": 40,
        "maxHeight": 256,
        "retrogen": "true",
        "biomeRestriction": "none",
        "biomes": [
            "all"
        ],
        "dimensionRestriction": "blacklist",
        "dimensions": [
            -1,
            1
        ]
    },
    "tin": {
        "template": "uniform",
        "block": {"name": "Metallurgy:base.ore", "metadata": 1},
        "material": "minecraft:stone",
        "clusterSize": 8,
        "numClusters": 10,
        "minHeight": 16,
        "maxHeight": 48,
        "retrogen": "true",
        "biomeRestriction": "none",
        "biomes": [],
        "dimensionRestriction": "blacklist",
        "dimensions": [
            -1,
            1
        ]
    },
    "tinTrace": {
        "template": "uniform",
        "block": {"name": "Metallurgy:base.ore", "metadata": 1},
        "material": "minecraft:stone",
        "clusterSize": 8,
        "numClusters": 10,
        "minHeight": 48,
        "maxHeight": 256,
        "retrogen": "true",
        "biomeRestriction": "none",
        "biomes": [],
        "dimensionRestriction": "blacklist",
        "dimensions": [
            -1,
            1
        ]
    },
    "tungsten": {
        "template": "uniform",
        "block": {"name": "Eln:Eln.Ore", "metadata": 5},
        "material": "minecraft:stone",
        "clusterSize": 8,
        "numClusters": 10,
        "minHeight": 16,
        "maxHeight": 40,
        "retrogen": "true",
        "biomeRestriction": "none",
        "biomes": [
            "all"
        ],
        "dimensionRestriction": "blacklist",
        "dimensions": [
            -1,
            1
        ]
    },
    "tungstenTrace": {
        "template": "uniform",
        "block": {"name": "Eln:Eln.Ore", "metadata": 5},
        "material": "minecraft:stone",
        "clusterSize": 8,
        "numClusters": 10,
        "minHeight": 40,
        "maxHeight": 256,
        "retrogen": "true",
        "biomeRestriction": "none",
        "biomes": [
            "all"
        ],
        "dimensionRestriction": "blacklist",
        "dimensions": [
            -1,
            1
        ]
    },
    "yellorite": {
        "template": "uniform",
        "block": "BigReactors:YelloriteOre",
        "material": "minecraft:stone",
        "clusterSize": 2,
        "numClusters": 10,
        "minHeight": 8,
        "maxHeight": 24,
        "retrogen": "true",
        "biomeRestriction": "none",
        "biomes": [
            "all"
        ],
        "dimensionRestriction": "blacklist",
        "dimensions": [
            -1,
            1
        ]
    },
    "yelloriteTrace": {
        "template": "uniform",
        "block": "BigReactors:YelloriteOre",
        "material": "minecraft:stone",
        "clusterSize": 2,
        "numClusters": 10,
        "minHeight": 24,
        "maxHeight": 256,
        "retrogen": "true",
        "biomeRestriction": "none",
        "biomes": [
            "all"
        ],
        "dimensionRestriction": "blacklist",
        "dimensions": [
            -1,
            1
        ]
    }
}
